-- MySQL Script generated by MySQL Workbench
-- Sat Nov 23 16:38:20 2019
-- Model: New Model    Version: 1.0
-- MySQL Workbench Forward Engineering

SET @OLD_UNIQUE_CHECKS=@@UNIQUE_CHECKS, UNIQUE_CHECKS=0;
SET @OLD_FOREIGN_KEY_CHECKS=@@FOREIGN_KEY_CHECKS, FOREIGN_KEY_CHECKS=0;
SET @OLD_SQL_MODE=@@SQL_MODE, SQL_MODE='ONLY_FULL_GROUP_BY,STRICT_TRANS_TABLES,NO_ZERO_IN_DATE,NO_ZERO_DATE,ERROR_FOR_DIVISION_BY_ZERO,NO_ENGINE_SUBSTITUTION';

-- -----------------------------------------------------
-- Schema publicare
-- -----------------------------------------------------

-- -----------------------------------------------------
-- Schema publicare
-- -----------------------------------------------------
CREATE SCHEMA IF NOT EXISTS `publicare` DEFAULT CHARACTER SET utf8 COLLATE utf8_unicode_ci ;
USE `publicare` ;

-- -----------------------------------------------------
-- Table `classe`
-- -----------------------------------------------------
CREATE TABLE IF NOT EXISTS `classe` (
  `cod_classe` INT NOT NULL AUTO_INCREMENT,
  `nome` VARCHAR(50) NOT NULL,
  `prefixo` VARCHAR(50) NOT NULL,
  `descricao` VARCHAR(255) NULL,
  `temfilhos` SMALLINT NOT NULL DEFAULT 0,
  `sistema` SMALLINT NOT NULL DEFAULT 0,
  `indexar` VARCHAR(45) NOT NULL,
  PRIMARY KEY (`cod_classe`))
ENGINE = InnoDB;


-- -----------------------------------------------------
-- Table `status`
-- -----------------------------------------------------
CREATE TABLE IF NOT EXISTS `status` (
  `cod_status` INT NOT NULL AUTO_INCREMENT,
  `nome` VARCHAR(50) NOT NULL,
  PRIMARY KEY (`cod_status`))
ENGINE = InnoDB;


-- -----------------------------------------------------
-- Table `usuario`
-- -----------------------------------------------------
CREATE TABLE IF NOT EXISTS `usuario` (
  `cod_usuario` INT NOT NULL AUTO_INCREMENT,
  `secao` VARCHAR(255) NULL,
  `nome` VARCHAR(255) NULL,
  `login` VARCHAR(50) NULL,
  `email` VARCHAR(255) NULL,
  `ramal` VARCHAR(50) NULL,
  `senha` VARCHAR(50) NULL,
  `chefia` INT NULL,
  `valido` SMALLINT NULL,
  `data_atualizacao` BIGINT NULL,
  `altera_senha` SMALLINT NULL,
  `ldap` SMALLINT NULL,
  PRIMARY KEY (`cod_usuario`))
ENGINE = InnoDB;


-- -----------------------------------------------------
-- Table `pele`
-- -----------------------------------------------------
CREATE TABLE IF NOT EXISTS `pele` (
  `cod_pele` INT NOT NULL AUTO_INCREMENT,
  `nome` VARCHAR(50) NOT NULL,
  `prefixo` VARCHAR(50) NULL,
  `publica` SMALLINT NULL,
  PRIMARY KEY (`cod_pele`))
ENGINE = InnoDB;


-- -----------------------------------------------------
-- Table `objeto`
-- -----------------------------------------------------
CREATE TABLE IF NOT EXISTS `objeto` (
  `cod_objeto` INT NOT NULL AUTO_INCREMENT,
  `cod_pai` INT NULL,
  `cod_classe` INT NOT NULL,
  `cod_usuario` INT NOT NULL,
  `cod_pele` INT NULL,
  `cod_status` INT NOT NULL,
  `titulo` VARCHAR(255) NOT NULL,
  `descricao` TEXT NULL,
  `data_publicacao` BIGINT NOT NULL,
  `data_validade` BIGINT NOT NULL,
  `script_exibir` VARCHAR(255) NULL,
  `apagado` SMALLINT NOT NULL DEFAULT 1,
  `peso` INT NOT NULL DEFAULT 0,
  `data_exclusao` BIGINT NULL,
  `url_amigavel` VARCHAR(255) NULL,
  `objetosistema` SMALLINT NOT NULL DEFAULT 0,
  `versao` INT NOT NULL,
  `versao_publicada` INT NULL,
  PRIMARY KEY (`cod_objeto`),
  CONSTRAINT `fk_objeto_classe`
    FOREIGN KEY (`cod_classe`)
    REFERENCES `classe` (`cod_classe`)
    ON DELETE CASCADE
    ON UPDATE CASCADE,
  CONSTRAINT `fk_objeto_status`
    FOREIGN KEY (`cod_status`)
    REFERENCES `status` (`cod_status`)
    ON DELETE NO ACTION
    ON UPDATE NO ACTION,
  CONSTRAINT `fk_objeto_usuario`
    FOREIGN KEY (`cod_usuario`)
    REFERENCES `usuario` (`cod_usuario`)
    ON DELETE CASCADE
    ON UPDATE CASCADE,
  CONSTRAINT `fk_objeto_pele`
    FOREIGN KEY (`cod_pele`)
    REFERENCES `pele` (`cod_pele`)
    ON DELETE NO ACTION
    ON UPDATE NO ACTION)
ENGINE = InnoDB;

CREATE INDEX `fk_objeto_classe_idx` ON `objeto` (`cod_classe` ASC);

CREATE INDEX `fk_objeto_status_idx` ON `objeto` (`cod_status` ASC);

CREATE INDEX `fk_objeto_usuario_idx` ON `objeto` (`cod_usuario` ASC);

CREATE INDEX `fk_objeto_pele_idx` ON `objeto` (`cod_pele` ASC);


-- -----------------------------------------------------
-- Table `classexfilhos`
-- -----------------------------------------------------
CREATE TABLE IF NOT EXISTS `classexfilhos` (
  `cod_classe` INT NOT NULL,
  `cod_classe_filho` INT NOT NULL,
  PRIMARY KEY (`cod_classe`, `cod_classe_filho`),
  CONSTRAINT `fk_classexfilhos_classe`
    FOREIGN KEY (`cod_classe`)
    REFERENCES `classe` (`cod_classe`)
    ON DELETE NO ACTION
    ON UPDATE CASCADE,
  CONSTRAINT `fk_classexfilhos_classe_filho`
    FOREIGN KEY (`cod_classe_filho`)
    REFERENCES `classe` (`cod_classe`)
    ON DELETE NO ACTION
    ON UPDATE CASCADE)
ENGINE = InnoDB;

CREATE INDEX `fk_classexfilhos_classe_filho_idx` ON `classexfilhos` (`cod_classe_filho` ASC);


-- -----------------------------------------------------
-- Table `tipodado`
-- -----------------------------------------------------
CREATE TABLE IF NOT EXISTS `tipodado` (
  `cod_tipodado` INT NOT NULL AUTO_INCREMENT,
  `nome` VARCHAR(50) NOT NULL,
  `tabela` VARCHAR(50) NOT NULL,
  `delimitador` VARCHAR(1) NULL,
  PRIMARY KEY (`cod_tipodado`))
ENGINE = InnoDB;


-- -----------------------------------------------------
-- Table `propriedade`
-- -----------------------------------------------------
CREATE TABLE IF NOT EXISTS `propriedade` (
  `cod_propriedade` INT NOT NULL AUTO_INCREMENT,
  `cod_classe` INT NOT NULL,
  `cod_tipodado` INT NOT NULL,
  `cod_referencia_classe` INT NULL,
  `campo_ref` VARCHAR(50) NULL,
  `nome` VARCHAR(50) NULL,
  `posicao` INT NULL,
  `descricao` VARCHAR(255) NULL,
  `rotulo` VARCHAR(50) NULL,
  `rot1booleano` VARCHAR(50) NULL,
  `rot2booleano` VARCHAR(50) NULL,
  `obrigatorio` SMALLINT NULL,
  `seguranca` INT NULL,
  `valorpadrao` VARCHAR(255) NULL,
  PRIMARY KEY (`cod_propriedade`),
  CONSTRAINT `fk_propriedade_classe`
    FOREIGN KEY (`cod_classe`)
    REFERENCES `classe` (`cod_classe`)
    ON DELETE CASCADE
    ON UPDATE CASCADE,
  CONSTRAINT `fk_propriedade_tipodado`
    FOREIGN KEY (`cod_tipodado`)
    REFERENCES `tipodado` (`cod_tipodado`)
    ON DELETE CASCADE
    ON UPDATE CASCADE)
ENGINE = InnoDB;

CREATE INDEX `fk_propriedade_classe_idx` ON `propriedade` (`cod_classe` ASC);

CREATE INDEX `fk_propriedade_tipodado_idx` ON `propriedade` (`cod_tipodado` ASC);


-- -----------------------------------------------------
-- Table `tag`
-- -----------------------------------------------------
CREATE TABLE IF NOT EXISTS `tag` (
  `cod_tag` INT NOT NULL AUTO_INCREMENT,
  `nome_tag` VARCHAR(200) NOT NULL,
  PRIMARY KEY (`cod_tag`))
ENGINE = InnoDB;


-- -----------------------------------------------------
-- Table `tagxobjeto`
-- -----------------------------------------------------
CREATE TABLE IF NOT EXISTS `tagxobjeto` (
  `cod_tagxobjeto` INT NOT NULL AUTO_INCREMENT,
  `cod_tag` INT NOT NULL,
  `cod_objeto` INT NOT NULL,
  PRIMARY KEY (`cod_tagxobjeto`),
  CONSTRAINT `fk_tagxobjeto_tag`
    FOREIGN KEY (`cod_tag`)
    REFERENCES `tag` (`cod_tag`)
    ON DELETE NO ACTION
    ON UPDATE NO ACTION,
  CONSTRAINT `fk_tagxobjeto_objeto`
    FOREIGN KEY (`cod_objeto`)
    REFERENCES `objeto` (`cod_objeto`)
    ON DELETE NO ACTION
    ON UPDATE NO ACTION)
ENGINE = InnoDB;

CREATE INDEX `fk_tagxobjeto_tag_idx` ON `tagxobjeto` (`cod_tag` ASC);

CREATE INDEX `fk_tagxobjeto_objeto_idx` ON `tagxobjeto` (`cod_objeto` ASC);


-- -----------------------------------------------------
-- Table `tbl_blob`
-- -----------------------------------------------------
CREATE TABLE IF NOT EXISTS `tbl_blob` (
  `cod_blob` INT NOT NULL AUTO_INCREMENT,
  `cod_obeto` INT NOT NULL,
  `cod_propriedade` INT NOT NULL,
  `arquivo` VARCHAR(255) NOT NULL,
  `tamanho` BIGINT NOT NULL,
  PRIMARY KEY (`cod_blob`),
  CONSTRAINT `fk_blob_objeto`
    FOREIGN KEY (`cod_obeto`)
    REFERENCES `objeto` (`cod_objeto`)
    ON DELETE CASCADE
    ON UPDATE CASCADE,
  CONSTRAINT `fk_blob_propriedade`
    FOREIGN KEY (`cod_propriedade`)
    REFERENCES `propriedade` (`cod_propriedade`)
    ON DELETE CASCADE
    ON UPDATE CASCADE)
ENGINE = InnoDB;

CREATE INDEX `fk_blob_objeto_idx` ON `tbl_blob` (`cod_obeto` ASC);

CREATE INDEX `fk_blob_propriedade_idx` ON `tbl_blob` (`cod_propriedade` ASC);


-- -----------------------------------------------------
-- Table `tbl_boolean`
-- -----------------------------------------------------
CREATE TABLE IF NOT EXISTS `tbl_boolean` (
  `cod_boolean` INT NOT NULL AUTO_INCREMENT,
  `cod_objeto` INT NOT NULL,
  `cod_propriedade` INT NOT NULL,
  `valor` SMALLINT NULL,
  PRIMARY KEY (`cod_boolean`),
  CONSTRAINT `fk_boolean_objeto`
    FOREIGN KEY (`cod_objeto`)
    REFERENCES `objeto` (`cod_objeto`)
    ON DELETE CASCADE
    ON UPDATE CASCADE,
  CONSTRAINT `fk_boolean_propriedade`
    FOREIGN KEY (`cod_propriedade`)
    REFERENCES `propriedade` (`cod_propriedade`)
    ON DELETE CASCADE
    ON UPDATE CASCADE)
ENGINE = InnoDB;

CREATE INDEX `fk_boolean_objeto_idx` ON `tbl_boolean` (`cod_objeto` ASC);

CREATE INDEX `fk_boolean_propriedade_idx` ON `tbl_boolean` (`cod_propriedade` ASC);


-- -----------------------------------------------------
-- Table `tbl_date`
-- -----------------------------------------------------
CREATE TABLE IF NOT EXISTS `tbl_date` (
  `cod_date` INT NOT NULL AUTO_INCREMENT,
  `cod_objeto` INT NOT NULL,
  `cod_propriedade` INT NOT NULL,
  `valor` BIGINT NULL,
  PRIMARY KEY (`cod_date`),
  CONSTRAINT `fk_date_objeto`
    FOREIGN KEY (`cod_objeto`)
    REFERENCES `objeto` (`cod_objeto`)
    ON DELETE CASCADE
    ON UPDATE CASCADE,
  CONSTRAINT `fk_date_propriedade`
    FOREIGN KEY (`cod_propriedade`)
    REFERENCES `propriedade` (`cod_propriedade`)
    ON DELETE CASCADE
    ON UPDATE CASCADE)
ENGINE = InnoDB;

CREATE INDEX `fk_date_objeto_idx` ON `tbl_date` (`cod_objeto` ASC);

CREATE INDEX `fk_date_propriedade_idx` ON `tbl_date` (`cod_propriedade` ASC);


-- -----------------------------------------------------
-- Table `tbl_float`
-- -----------------------------------------------------
CREATE TABLE IF NOT EXISTS `tbl_float` (
  `cod_float` INT NOT NULL AUTO_INCREMENT,
  `cod_objeto` INT NOT NULL,
  `cod_propriedade` INT NOT NULL,
  `valor` DOUBLE NULL,
  PRIMARY KEY (`cod_float`),
  CONSTRAINT `fk_float_objeto`
    FOREIGN KEY (`cod_objeto`)
    REFERENCES `objeto` (`cod_objeto`)
    ON DELETE CASCADE
    ON UPDATE CASCADE,
  CONSTRAINT `fk_float_propriedade`
    FOREIGN KEY (`cod_propriedade`)
    REFERENCES `propriedade` (`cod_propriedade`)
    ON DELETE CASCADE
    ON UPDATE CASCADE)
ENGINE = InnoDB;

CREATE INDEX `fk_float_objeto_idx` ON `tbl_float` (`cod_objeto` ASC);

CREATE INDEX `fk_float_propriedade_idx` ON `tbl_float` (`cod_propriedade` ASC);


-- -----------------------------------------------------
-- Table `tbl_integer`
-- -----------------------------------------------------
CREATE TABLE IF NOT EXISTS `tbl_integer` (
  `cod_integer` INT NOT NULL AUTO_INCREMENT,
  `cod_objeto` INT NOT NULL,
  `cod_propriedade` INT NOT NULL,
  `valor` INT NULL,
  PRIMARY KEY (`cod_integer`),
  CONSTRAINT `fk_integer_objeto`
    FOREIGN KEY (`cod_objeto`)
    REFERENCES `objeto` (`cod_objeto`)
    ON DELETE NO ACTION
    ON UPDATE NO ACTION,
  CONSTRAINT `fk_integer_propriedade`
    FOREIGN KEY (`cod_propriedade`)
    REFERENCES `propriedade` (`cod_propriedade`)
    ON DELETE NO ACTION
    ON UPDATE NO ACTION)
ENGINE = InnoDB;

CREATE INDEX `fk_integer_objeto_idx` ON `tbl_integer` (`cod_objeto` ASC);

CREATE INDEX `fk_integer_propriedade_idx` ON `tbl_integer` (`cod_propriedade` ASC);


-- -----------------------------------------------------
-- Table `tbl_objref`
-- -----------------------------------------------------
CREATE TABLE IF NOT EXISTS `tbl_objref` (
  `cod_objref` INT NOT NULL AUTO_INCREMENT,
  `cod_objeto` INT NOT NULL,
  `cod_propriedade` INT NOT NULL,
  `valor` INT NULL,
  PRIMARY KEY (`cod_objref`),
  CONSTRAINT `fk_objref_objeto`
    FOREIGN KEY (`cod_objeto`)
    REFERENCES `objeto` (`cod_objeto`)
    ON DELETE CASCADE
    ON UPDATE CASCADE,
  CONSTRAINT `fk_objref_propriedade`
    FOREIGN KEY (`cod_propriedade`)
    REFERENCES `propriedade` (`cod_propriedade`)
    ON DELETE CASCADE
    ON UPDATE CASCADE)
ENGINE = InnoDB;

CREATE INDEX `fk_objref_objeto_idx` ON `tbl_objref` (`cod_objeto` ASC);

CREATE INDEX `fk_objref_propriedade_idx` ON `tbl_objref` (`cod_propriedade` ASC);


-- -----------------------------------------------------
-- Table `tbl_string`
-- -----------------------------------------------------
CREATE TABLE IF NOT EXISTS `tbl_string` (
  `cod_string` INT NOT NULL AUTO_INCREMENT,
  `cod_objeto` INT NOT NULL,
  `cod_propriedade` INT NOT NULL,
  `valor` VARCHAR(1000) NULL,
  PRIMARY KEY (`cod_string`),
  CONSTRAINT `fk_string_objeto`
    FOREIGN KEY (`cod_objeto`)
    REFERENCES `objeto` (`cod_objeto`)
    ON DELETE CASCADE
    ON UPDATE CASCADE,
  CONSTRAINT `fk_string_propriedade`
    FOREIGN KEY (`cod_propriedade`)
    REFERENCES `propriedade` (`cod_propriedade`)
    ON DELETE CASCADE
    ON UPDATE CASCADE)
ENGINE = InnoDB;

CREATE INDEX `fk_string_objeto_idx` ON `tbl_string` (`cod_objeto` ASC);

CREATE INDEX `fk_string_propriedade_idx` ON `tbl_string` (`cod_propriedade` ASC);


-- -----------------------------------------------------
-- Table `tbl_text`
-- -----------------------------------------------------
CREATE TABLE IF NOT EXISTS `tbl_text` (
  `cod_text` INT NOT NULL AUTO_INCREMENT,
  `cod_objeto` INT NOT NULL,
  `cod_propriedade` INT NOT NULL,
  `valor` TEXT NULL,
  PRIMARY KEY (`cod_text`),
  CONSTRAINT `fk_text_objeto`
    FOREIGN KEY (`cod_objeto`)
    REFERENCES `objeto` (`cod_objeto`)
    ON DELETE CASCADE
    ON UPDATE CASCADE,
  CONSTRAINT `fk_text_propriedaed`
    FOREIGN KEY (`cod_propriedade`)
    REFERENCES `propriedade` (`cod_propriedade`)
    ON DELETE CASCADE
    ON UPDATE CASCADE)
ENGINE = InnoDB;

CREATE INDEX `fk_text_objeto_idx` ON `tbl_text` (`cod_objeto` ASC);

CREATE INDEX `fk_text_propriedaed_idx` ON `tbl_text` (`cod_propriedade` ASC);


-- -----------------------------------------------------
-- Table `perfil`
-- -----------------------------------------------------
CREATE TABLE IF NOT EXISTS `perfil` (
  `cod_perfil` INT NOT NULL AUTO_INCREMENT,
  `nome` VARCHAR(50) NOT NULL,
  PRIMARY KEY (`cod_perfil`))
ENGINE = InnoDB;


-- -----------------------------------------------------
-- Table `objetoxusuarioxperfil`
-- -----------------------------------------------------
CREATE TABLE IF NOT EXISTS `objetoxusuarioxperfil` (
  `cod_usuario` INT NOT NULL,
  `cod_objeto` INT NOT NULL,
  `cod_perfil` INT NOT NULL,
  PRIMARY KEY (`cod_usuario`, `cod_objeto`, `cod_perfil`),
  CONSTRAINT `fk_objetoxusuarioxperfil_objeto`
    FOREIGN KEY (`cod_objeto`)
    REFERENCES `objeto` (`cod_objeto`)
    ON DELETE CASCADE
    ON UPDATE CASCADE,
  CONSTRAINT `fk_objetoxusuarioxperfil_usuario`
    FOREIGN KEY (`cod_usuario`)
    REFERENCES `usuario` (`cod_usuario`)
    ON DELETE CASCADE
    ON UPDATE CASCADE,
  CONSTRAINT `fk_objetoxusuarioxperfil_perfil`
    FOREIGN KEY (`cod_perfil`)
    REFERENCES `perfil` (`cod_perfil`)
    ON DELETE CASCADE
    ON UPDATE CASCADE)
ENGINE = InnoDB;

CREATE INDEX `fk_objetoxusuarioxperfil_objeto_idx` ON `objetoxusuarioxperfil` (`cod_objeto` ASC);

CREATE INDEX `fk_objetoxusuarioxperfil_perfil_idx` ON `objetoxusuarioxperfil` (`cod_perfil` ASC);


-- -----------------------------------------------------
-- Table `pilha`
-- -----------------------------------------------------
CREATE TABLE IF NOT EXISTS `pilha` (
  `cod_pilha` INT NOT NULL AUTO_INCREMENT,
  `cod_objeto` INT NOT NULL,
  `cod_usuario` INT NOT NULL,
  `cod_tipo` INT NULL,
  `datahora` BIGINT NULL,
  PRIMARY KEY (`cod_pilha`),
  CONSTRAINT `fk_pilha_objeto`
    FOREIGN KEY (`cod_objeto`)
    REFERENCES `objeto` (`cod_objeto`)
    ON DELETE CASCADE
    ON UPDATE CASCADE,
  CONSTRAINT `fk_pilha_usuario`
    FOREIGN KEY (`cod_usuario`)
    REFERENCES `usuario` (`cod_usuario`)
    ON DELETE CASCADE
    ON UPDATE CASCADE)
ENGINE = InnoDB;

CREATE INDEX `fk_pilha_objeto_idx` ON `pilha` (`cod_objeto` ASC);

CREATE INDEX `fk_pilha_usuario_idx` ON `pilha` (`cod_usuario` ASC);


-- -----------------------------------------------------
-- Table `classexobjeto`
-- -----------------------------------------------------
CREATE TABLE IF NOT EXISTS `classexobjeto` (
  `cod_classe` INT NOT NULL,
  `cod_objeto` INT NOT NULL,
  PRIMARY KEY (`cod_classe`, `cod_objeto`),
  CONSTRAINT `fk_classexobjeto_classe`
    FOREIGN KEY (`cod_classe`)
    REFERENCES `classe` (`cod_classe`)
    ON DELETE NO ACTION
    ON UPDATE NO ACTION,
  CONSTRAINT `fk_classexobjeto_objeto`
    FOREIGN KEY (`cod_objeto`)
    REFERENCES `objeto` (`cod_objeto`)
    ON DELETE NO ACTION
    ON UPDATE NO ACTION)
ENGINE = InnoDB;

CREATE INDEX `fk_classexobjeto_objeto_idx` ON `classexobjeto` (`cod_objeto` ASC);


-- -----------------------------------------------------
-- Table `infoperfil`
-- -----------------------------------------------------
CREATE TABLE IF NOT EXISTS `infoperfil` (
  `cod_infoperfil` INT NOT NULL AUTO_INCREMENT,
  `cod_perfil` INT NOT NULL,
  `acao` VARCHAR(255) NULL,
  `script` VARCHAR(255) NULL,
  `donooupublicado` SMALLINT NULL,
  `sopublicado` SMALLINT NULL,
  `sodono` SMALLINT NULL,
  `naomenu` SMALLINT NULL,
  `ordem` INT NULL,
  `icone` VARCHAR(50) NULL,
  PRIMARY KEY (`cod_infoperfil`),
  CONSTRAINT `fk_infoperfil_perfil`
    FOREIGN KEY (`cod_perfil`)
    REFERENCES `perfil` (`cod_perfil`)
    ON DELETE CASCADE
    ON UPDATE CASCADE)
ENGINE = InnoDB;

CREATE INDEX `fk_infoperfil_perfil_idx` ON `infoperfil` (`cod_perfil` ASC);


-- -----------------------------------------------------
-- Table `logobjeto`
-- -----------------------------------------------------
CREATE TABLE IF NOT EXISTS `logobjeto` (
  `cod_logobjeto` INT NOT NULL AUTO_INCREMENT,
  `cod_objeto` INT NOT NULL,
  `cod_usuario` INT NOT NULL,
  `estampa` BIGINT NOT NULL,
  `cod_operacao` INT NULL,
  PRIMARY KEY (`cod_logobjeto`),
  CONSTRAINT `fk_logobjeto_objeto`
    FOREIGN KEY (`cod_objeto`)
    REFERENCES `objeto` (`cod_objeto`)
    ON DELETE CASCADE
    ON UPDATE CASCADE,
  CONSTRAINT `fk_logobjeto_usuario`
    FOREIGN KEY (`cod_usuario`)
    REFERENCES `usuario` (`cod_usuario`)
    ON DELETE NO ACTION
    ON UPDATE NO ACTION)
ENGINE = InnoDB;

CREATE INDEX `fk_logobjeto_objeto_idx` ON `logobjeto` (`cod_objeto` ASC);

CREATE INDEX `fk_logobjeto_usuario_idx` ON `logobjeto` (`cod_usuario` ASC);



CREATE TABLE IF NOT EXISTS `logworkflow` (
  `cod_logworkflow` INT NOT NULL AUTO_INCREMENT,
  `cod_objeto` INT NOT NULL,
  `cod_usuario` INT NOT NULL,
  `estampa` BIGINT NOT NULL,
  `mensagem` VARCHAR(200),
  `cod_status` INT NOT NULL,
  PRIMARY KEY (`cod_logworkflow`),
  CONSTRAINT `fk_logworkflow_objeto`
    FOREIGN KEY (`cod_objeto`)
    REFERENCES `objeto` (`cod_objeto`)
    ON DELETE CASCADE
    ON UPDATE CASCADE,
  CONSTRAINT `fk_logworkflow_usuario`
    FOREIGN KEY (`cod_usuario`)
    REFERENCES `usuario` (`cod_usuario`)
    ON DELETE NO ACTION
    ON UPDATE NO ACTION,
  CONSTRAINT `fk_logworkflow_status`
    FOREIGN KEY (`cod_status`)
    REFERENCES `status` (`cod_status`)
    ON DELETE NO ACTION
    ON UPDATE NO ACTION)
ENGINE = InnoDB;

CREATE INDEX `fk_logworkflow_objeto_idx` ON `logworkflow` (`cod_objeto` ASC);

CREATE INDEX `fk_logworkflow_usuario_idx` ON `logworkflow` (`cod_usuario` ASC);

CREATE INDEX `fk_logworkflow_status_idx` ON `logworkflow` (`cod_status` ASC);


-- -----------------------------------------------------
-- Table `parentesco`
-- -----------------------------------------------------
CREATE TABLE IF NOT EXISTS `parentesco` (
  `cod_objeto` INT NOT NULL,
  `cod_pai` INT NOT NULL,
  `ordem` INT NOT NULL,
  PRIMARY KEY (`cod_objeto`, `cod_pai`, `ordem`),
  CONSTRAINT `fk_parentesco_objeto`
    FOREIGN KEY (`cod_objeto`)
    REFERENCES `objeto` (`cod_objeto`)
    ON DELETE NO ACTION
    ON UPDATE NO ACTION,
  CONSTRAINT `fk_parentesco_objeto_pai`
    FOREIGN KEY (`cod_pai`)
    REFERENCES `objeto` (`cod_objeto`)
    ON DELETE NO ACTION
    ON UPDATE NO ACTION)
ENGINE = InnoDB;

CREATE INDEX `fk_parentesco_objeto_pai_idx` ON `parentesco` (`cod_pai` ASC);


-- -----------------------------------------------------
-- Table `pendencia`
-- -----------------------------------------------------
CREATE TABLE IF NOT EXISTS `pendencia` (
  `cod_pendencia` INT NOT NULL AUTO_INCREMENT,
  `cod_usuario` INT NOT NULL,
  `cod_objeto` INT NOT NULL,
  PRIMARY KEY (`cod_pendencia`),
  CONSTRAINT `fk_pendencia_objeto`
    FOREIGN KEY (`cod_objeto`)
    REFERENCES `objeto` (`cod_objeto`)
    ON DELETE CASCADE
    ON UPDATE CASCADE,
  CONSTRAINT `fk_pendencia_usuario`
    FOREIGN KEY (`cod_usuario`)
    REFERENCES `usuario` (`cod_usuario`)
    ON DELETE CASCADE
    ON UPDATE CASCADE)
ENGINE = InnoDB;

CREATE INDEX `fk_pendencia_objeto_idx` ON `pendencia` (`cod_objeto` ASC);

CREATE INDEX `fk_pendencia_usuario_idx` ON `pendencia` (`cod_usuario` ASC);


-- -----------------------------------------------------
-- Table `usuarioxobjetoxperfil`
-- -----------------------------------------------------
CREATE TABLE IF NOT EXISTS `usuarioxobjetoxperfil` (
  `cod_usuario` INT NOT NULL,
  `cod_objeto` INT NOT NULL,
  `cod_perfil` INT NOT NULL,
  PRIMARY KEY (`cod_usuario`, `cod_objeto`, `cod_perfil`),
  CONSTRAINT `fk_usuarioxobjetoxperfil_usuario`
    FOREIGN KEY (`cod_usuario`)
    REFERENCES `usuario` (`cod_usuario`)
    ON DELETE CASCADE
    ON UPDATE CASCADE,
  CONSTRAINT `fk_usuarioxobjetoxperfil_objeto`
    FOREIGN KEY (`cod_objeto`)
    REFERENCES `objeto` (`cod_objeto`)
    ON DELETE CASCADE
    ON UPDATE CASCADE,
  CONSTRAINT `fk_usuarioxobjetoxperfil_perfil`
    FOREIGN KEY (`cod_perfil`)
    REFERENCES `perfil` (`cod_perfil`)
    ON DELETE CASCADE
    ON UPDATE CASCADE)
ENGINE = InnoDB;

CREATE INDEX `fk_usuarioxobjetoxperfil_objeto_idx` ON `usuarioxobjetoxperfil` (`cod_objeto` ASC);

CREATE INDEX `fk_usuarioxobjetoxperfil_perfil_idx` ON `usuarioxobjetoxperfil` (`cod_perfil` ASC);


-- -----------------------------------------------------
-- Table `versaoobjeto`
-- -----------------------------------------------------
CREATE TABLE IF NOT EXISTS `versaoobjeto` (
  `cod_versaoobjeto` INT NOT NULL AUTO_INCREMENT,
  `cod_objeto` INT NOT NULL,
  `versao` INT NOT NULL,
  `conteudo` TEXT NULL,
  `data_criacao` DATETIME NULL,
  `cod_usuario` INT NULL,
  `ip` VARCHAR(30) NULL,
  PRIMARY KEY (`cod_versaoobjeto`))
ENGINE = InnoDB;


INSERT INTO `classe` (cod_classe, nome, prefixo, descricao, temfilhos, sistema, indexar) VALUES (1, 'Pasta', 'folder', 'Diretório que contém outros objetos, além de um texto descritivo. Útil para dividir uma seção em categorias. Normalmente é utilizado para novos items de menu.', 1, 1, 1);
INSERT INTO `classe` (cod_classe, nome, prefixo, descricao, temfilhos, sistema, indexar) VALUES (2, 'Interlink', 'interlink', 'Link para objetos do portal', 1, 1, 0);
INSERT INTO `classe` (cod_classe, nome, prefixo, descricao, temfilhos, sistema, indexar) VALUES (3, 'Página', 'document', 'Documento em HTML.', 1, 1, 1);
INSERT INTO `classe` (cod_classe, nome, prefixo, descricao, temfilhos, sistema, indexar) VALUES (4, 'Imagem', 'imagem', 'Ilustração ou foto a ser exibida ou linkada na página (ex: fotos da galeria, ilustrações sobre artigo).', 0, 1, 0);
INSERT INTO `classe` (cod_classe, nome, prefixo, descricao, temfilhos, sistema, indexar) VALUES (5, 'Arquivo', 'arquivo', 'Arquivo que será disponibilizado no site para download (ex: documentos do Word, PDF, arquivos compactados,  etc).', 0, 1, 0);
INSERT INTO `classe` (cod_classe, nome, prefixo, descricao, temfilhos, sistema, indexar) VALUES (6, 'Link', 'link', 'Link para endereços externos ao portal.', 0, 1, 0);
INSERT INTO `classe` (cod_classe, nome, prefixo, descricao, temfilhos, sistema, indexar) VALUES (7, 'Usuário', 'usuario', 'Informações dos usuários', 0, 1, 0);
INSERT INTO `classe` (cod_classe, nome, prefixo, descricao, temfilhos, sistema, indexar) VALUES (10, 'Notícia', 'noticia', '', 1, 1, 1);
INSERT INTO `classe` (cod_classe, nome, prefixo, descricao, temfilhos, sistema, indexar) VALUES (11, 'Portal Data', 'portaldata', 'Dados de apoio ao portal', 1, 1, 0);
INSERT INTO `classe` (cod_classe, nome, prefixo, descricao, temfilhos, sistema, indexar) VALUES (12, 'Portal Data Folder', 'portaldatafolder', '', 1, 1, 0);
INSERT INTO `classe` (cod_classe, nome, prefixo, descricao, temfilhos, sistema, indexar) VALUES (13, 'Agência de Notícias', 'agenciadenoticias', 'Área para criação e gerenciamento de notícias.', 1, 1, 1);
INSERT INTO `classe` (cod_classe, nome, prefixo, descricao, temfilhos, sistema, indexar) VALUES (17, 'RSS', 'rss', 'Classe usada para criar feeds rss', 0, 1, 0);

INSERT INTO `classexfilhos` (cod_classe, cod_classe_filho) VALUES (1, 1);
INSERT INTO `classexfilhos` (cod_classe, cod_classe_filho) VALUES (1, 2);
INSERT INTO `classexfilhos` (cod_classe, cod_classe_filho) VALUES (1, 3);
INSERT INTO `classexfilhos` (cod_classe, cod_classe_filho) VALUES (1, 4);
INSERT INTO `classexfilhos` (cod_classe, cod_classe_filho) VALUES (1, 5);
INSERT INTO `classexfilhos` (cod_classe, cod_classe_filho) VALUES (1, 6);
INSERT INTO `classexfilhos` (cod_classe, cod_classe_filho) VALUES (1, 17);
INSERT INTO `classexfilhos` (cod_classe, cod_classe_filho) VALUES (3, 2);
INSERT INTO `classexfilhos` (cod_classe, cod_classe_filho) VALUES (3, 3);
INSERT INTO `classexfilhos` (cod_classe, cod_classe_filho) VALUES (3, 4);
INSERT INTO `classexfilhos` (cod_classe, cod_classe_filho) VALUES (3, 5);
INSERT INTO `classexfilhos` (cod_classe, cod_classe_filho) VALUES (3, 6);
INSERT INTO `classexfilhos` (cod_classe, cod_classe_filho) VALUES (10, 2);
INSERT INTO `classexfilhos` (cod_classe, cod_classe_filho) VALUES (10, 4);
INSERT INTO `classexfilhos` (cod_classe, cod_classe_filho) VALUES (10, 5);
INSERT INTO `classexfilhos` (cod_classe, cod_classe_filho) VALUES (10, 6);
INSERT INTO `classexfilhos` (cod_classe, cod_classe_filho) VALUES (11, 12);
INSERT INTO `classexfilhos` (cod_classe, cod_classe_filho) VALUES (13, 10);

INSERT INTO `usuario` (cod_usuario, secao, nome, login, email, ramal, senha, chefia, valido, data_atualizacao, altera_senha, ldap) VALUES (1, NULL, 'Root', 'root', 'root@root.com', NULL, '63a9f0ea7bb98050796b649e85481845', NULL, 1, 20210806, NULL, NULL);

INSERT INTO objeto (cod_objeto, cod_pai, cod_classe, cod_usuario, cod_pele, cod_status, titulo, descricao, data_publicacao, data_validade, script_exibir, apagado, objetosistema, peso, data_exclusao, url_amigavel, versao, versao_publicada) VALUES (1, -1, 1, 1, NULL, 2, 'Página Inicial', 'Bem Vindos', 19811212000000, 20361212000000, '/html/template/view_home.php', 0, 1, 0, NULL, 'pagina-inicial', 1, NULL);

INSERT INTO classexobjeto (cod_classe, cod_objeto) VALUES (1, 1);
INSERT INTO classexobjeto (cod_classe, cod_objeto) VALUES (11, 1);

INSERT INTO perfil (cod_perfil, nome) VALUES (1, 'Administrador');
INSERT INTO perfil (cod_perfil, nome) VALUES (2, 'Editor');
INSERT INTO perfil (cod_perfil, nome) VALUES (3, 'Autor');
INSERT INTO perfil (cod_perfil, nome) VALUES (4, 'Restrito');
INSERT INTO perfil (cod_perfil, nome) VALUES (5, 'Militarizado');
INSERT INTO perfil (cod_perfil, nome) VALUES (6, '_Default');

INSERT INTO infoperfil (cod_infoperfil, cod_perfil, acao, script, donooupublicado, sopublicado, sodono, naomenu, ordem, icone) VALUES (22, 2, 'Novo (interno)', '/do/new.*', 0, 0, 0, 1, 100, NULL);
INSERT INTO infoperfil (cod_infoperfil, cod_perfil, acao, script, donooupublicado, sopublicado, sodono, naomenu, ordem, icone) VALUES (24, 3, 'Novo (interno)', '/do/new.*', 0, 0, 0, 1, 100, NULL);
INSERT INTO infoperfil (cod_infoperfil, cod_perfil, acao, script, donooupublicado, sopublicado, sodono, naomenu, ordem, icone) VALUES (32, 2, 'Posts Internos', '/do/.*post', 0, 0, 0, 1, 100, NULL);
INSERT INTO infoperfil (cod_infoperfil, cod_perfil, acao, script, donooupublicado, sopublicado, sodono, naomenu, ordem, icone) VALUES (34, 1, 'Ger. Usu&aacute;rios (interno)', '/do/gerusuario.*', 0, 0, 0, 1, 100, NULL);
INSERT INTO infoperfil (cod_infoperfil, cod_perfil, acao, script, donooupublicado, sopublicado, sodono, naomenu, ordem, icone) VALUES (35, 1, 'Ger.  Classes (interno)', '/do/classes', 0, 0, 0, 1, 100, NULL);
INSERT INTO infoperfil (cod_infoperfil, cod_perfil, acao, script, donooupublicado, sopublicado, sodono, naomenu, ordem, icone) VALUES (36, 1, 'Ger.  Skins (interno)', '/do/peles', 0, 0, 0, 1, 100, NULL);
INSERT INTO infoperfil (cod_infoperfil, cod_perfil, acao, script, donooupublicado, sopublicado, sodono, naomenu, ordem, icone) VALUES (53, 1, 'Post Internos', '/do/.*post', 0, 0, 0, 1, 100, NULL);
INSERT INTO infoperfil (cod_infoperfil, cod_perfil, acao, script, donooupublicado, sopublicado, sodono, naomenu, ordem, icone) VALUES (54, 3, 'Post Internos', '/do/.*post', 0, 0, 0, 1, 100, NULL);
INSERT INTO infoperfil (cod_infoperfil, cod_perfil, acao, script, donooupublicado, sopublicado, sodono, naomenu, ordem, icone) VALUES (55, 6, 'Resultado de Pesquisa', '/html/objects/search_result', 0, 0, 0, 1, 100, NULL);
INSERT INTO infoperfil (cod_infoperfil, cod_perfil, acao, script, donooupublicado, sopublicado, sodono, naomenu, ordem, icone) VALUES (3, 6, 'Login', '/login/index', 0, 0, 0, 1, 100, NULL);
INSERT INTO infoperfil (cod_infoperfil, cod_perfil, acao, script, donooupublicado, sopublicado, sodono, naomenu, ordem, icone) VALUES (63, 1, 'Objetos vencidos', '/do/vencidos', 0, 0, 0, 0, 3, 'fapbl-calendar-times');
INSERT INTO infoperfil (cod_infoperfil, cod_perfil, acao, script, donooupublicado, sopublicado, sodono, naomenu, ordem, icone) VALUES (49, 2, 'Adm. de Objetos', NULL, 0, 0, 0, 0, 0, 'fapbl-cogs');
INSERT INTO infoperfil (cod_infoperfil, cod_perfil, acao, script, donooupublicado, sopublicado, sodono, naomenu, ordem, icone) VALUES (17, 2, 'Publicar objeto', '/do/publicar', 0, 0, 0, 0, 5, 'fapbl-bullhorn');
INSERT INTO infoperfil (cod_infoperfil, cod_perfil, acao, script, donooupublicado, sopublicado, sodono, naomenu, ordem, icone) VALUES (10, 1, 'Restaurar apagados', '/do/recuperar', 0, 0, 0, 0, 8, 'fapbl-trash-restore');
INSERT INTO infoperfil (cod_infoperfil, cod_perfil, acao, script, donooupublicado, sopublicado, sodono, naomenu, ordem, icone) VALUES (11, 2, 'Restaurar apagados', '/do/recuperar', 0, 0, 0, 0, 8, 'fapbl-trash-restore');
INSERT INTO infoperfil (cod_infoperfil, cod_perfil, acao, script, donooupublicado, sopublicado, sodono, naomenu, ordem, icone) VALUES (6, 1, 'Apagar este objeto', '/do/delete', 0, 0, 0, 0, 7, 'fapbl-trash');
INSERT INTO infoperfil (cod_infoperfil, cod_perfil, acao, script, donooupublicado, sopublicado, sodono, naomenu, ordem, icone) VALUES (26, 3, 'Apagar este objeto', '/do/delete', 0, 0, 1, 0, 7, 'fapbl-trash');
INSERT INTO infoperfil (cod_infoperfil, cod_perfil, acao, script, donooupublicado, sopublicado, sodono, naomenu, ordem, icone) VALUES (8, 2, 'Listar Conte&uacute;do', '/do/list_content', 0, 0, 0, 0, 4, 'fapbl-list');
INSERT INTO infoperfil (cod_infoperfil, cod_perfil, acao, script, donooupublicado, sopublicado, sodono, naomenu, ordem, icone) VALUES (51, 2, 'Apagar este Objeto', '/do/delete', 0, 0, 0, 0, 7, 'fapbl-trash');
INSERT INTO infoperfil (cod_infoperfil, cod_perfil, acao, script, donooupublicado, sopublicado, sodono, naomenu, ordem, icone) VALUES (12, 1, 'Apagar objetos em definitivo', '/do/apagar_definitivo', 0, 0, 0, 0, 12, 'fapbl-ban');
INSERT INTO infoperfil (cod_infoperfil, cod_perfil, acao, script, donooupublicado, sopublicado, sodono, naomenu, ordem, icone) VALUES (64, 2, 'Objetos vencidos', '/do/vencidos', 0, 0, 0, 0, 3, 'fapbl-calendar-times');
INSERT INTO infoperfil (cod_infoperfil, cod_perfil, acao, script, donooupublicado, sopublicado, sodono, naomenu, ordem, icone) VALUES (5, 1, 'Criar novo objeto', '/manage/new.*', 0, 0, 0, 0, 1, 'fapbl-plus');
INSERT INTO infoperfil (cod_infoperfil, cod_perfil, acao, script, donooupublicado, sopublicado, sodono, naomenu, ordem, icone) VALUES (13, 2, 'Criar novo objeto', '/manage/new.*', 0, 0, 0, 0, 1, 'fapbl-plus');
INSERT INTO infoperfil (cod_infoperfil, cod_perfil, acao, script, donooupublicado, sopublicado, sodono, naomenu, ordem, icone) VALUES (20, 3, 'Criar novo objeto', '/manage/new.*', 0, 0, 0, 0, 1, 'fapbl-plus');
INSERT INTO infoperfil (cod_infoperfil, cod_perfil, acao, script, donooupublicado, sopublicado, sodono, naomenu, ordem, icone) VALUES (7, 1, 'Listar Conte&uacute;do', '/do/list_content', 0, 0, 0, 0, 4, 'fapbl-list');
INSERT INTO infoperfil (cod_infoperfil, cod_perfil, acao, script, donooupublicado, sopublicado, sodono, naomenu, ordem, icone) VALUES (45, 3, 'Listar Conte&uacute;do', '/do/list_content', 0, 0, 0, 0, 4, 'fapbl-list');
INSERT INTO infoperfil (cod_infoperfil, cod_perfil, acao, script, donooupublicado, sopublicado, sodono, naomenu, ordem, icone) VALUES (29, 1, 'Objetos pendentes', '/do/pendentes', 0, 0, 0, 0, 3, 'fapbl-thumbs-up');
INSERT INTO infoperfil (cod_infoperfil, cod_perfil, acao, script, donooupublicado, sopublicado, sodono, naomenu, ordem, icone) VALUES (30, 2, 'Objetos pendentes', '/do/pendentes', 0, 0, 0, 0, 3, 'fapbl-thumbs-up');
INSERT INTO infoperfil (cod_infoperfil, cod_perfil, acao, script, donooupublicado, sopublicado, sodono, naomenu, ordem, icone) VALUES (56, 2, 'Dados Pessoais', '/do/gerdadospessoais', 0, 0, 0, 0, 11, 'fapbl-user');
INSERT INTO infoperfil (cod_infoperfil, cod_perfil, acao, script, donooupublicado, sopublicado, sodono, naomenu, ordem, icone) VALUES (57, 3, 'Dados Pessoais', '/do/gerdadospessoais', 0, 0, 0, 0, 11, 'fapbl-user');
INSERT INTO infoperfil (cod_infoperfil, cod_perfil, acao, script, donooupublicado, sopublicado, sodono, naomenu, ordem, icone) VALUES (2, 6, 'Visualizar Objeto', '/content/view.*', 0, 1, 0, 1, 16, 'fapbl-eye');
INSERT INTO infoperfil (cod_infoperfil, cod_perfil, acao, script, donooupublicado, sopublicado, sodono, naomenu, ordem, icone) VALUES (14, 3, 'Visualizar Objeto', '/content/view.*', 0, 0, 0, 0, 16, 'fapbl-eye');
INSERT INTO infoperfil (cod_infoperfil, cod_perfil, acao, script, donooupublicado, sopublicado, sodono, naomenu, ordem, icone) VALUES (28, 2, 'Visualizar Objeto', '/content/view.*', 0, 0, 0, 0, 16, 'fapbl-eye');
INSERT INTO infoperfil (cod_infoperfil, cod_perfil, acao, script, donooupublicado, sopublicado, sodono, naomenu, ordem, icone) VALUES (41, 1, 'Visualizar Objeto', '/content/view.*', 0, 0, 0, 0, 16, 'fapbl-eye');
INSERT INTO infoperfil (cod_infoperfil, cod_perfil, acao, script, donooupublicado, sopublicado, sodono, naomenu, ordem, icone) VALUES (59, 2, 'Ajuda Publicare', '/do/ajuda', 0, 0, 0, 0, 13, 'fapbl-puzzle-piece');
INSERT INTO infoperfil (cod_infoperfil, cod_perfil, acao, script, donooupublicado, sopublicado, sodono, naomenu, ordem, icone) VALUES (60, 3, 'Ajuda Publicare', '/do/ajuda', 0, 0, 0, 0, 13, 'fapbl-puzzle-piece');
INSERT INTO infoperfil (cod_infoperfil, cod_perfil, acao, script, donooupublicado, sopublicado, sodono, naomenu, ordem, icone) VALUES (62, 1, 'Ajuda Publicare', '/do/ajuda', 0, 0, 0, 0, 13, 'fapbl-puzzle-piece');
INSERT INTO infoperfil (cod_infoperfil, cod_perfil, acao, script, donooupublicado, sopublicado, sodono, naomenu, ordem, icone) VALUES (44, 6, 'Menu de Navega&ccedil;&atilde;o', NULL, 0, 0, 0, 0, 14, 'fapbl-bars');
INSERT INTO infoperfil (cod_infoperfil, cod_perfil, acao, script, donooupublicado, sopublicado, sodono, naomenu, ordem, icone) VALUES (38, 1, '&Iacute;ndice do Objeto', '/do/preview.*', 0, 0, 0, 0, 15, 'fapbl-list-ol');
INSERT INTO infoperfil (cod_infoperfil, cod_perfil, acao, script, donooupublicado, sopublicado, sodono, naomenu, ordem, icone) VALUES (39, 2, '&Iacute;ndice do Objeto', '/do/preview.*', 0, 0, 0, 0, 15, 'fapbl-list-ol');
INSERT INTO infoperfil (cod_infoperfil, cod_perfil, acao, script, donooupublicado, sopublicado, sodono, naomenu, ordem, icone) VALUES (40, 3, '&Iacute;ndice do Objeto', '/do/preview.*', 0, 0, 0, 0, 15, 'fapbl-list-ol');
INSERT INTO infoperfil (cod_infoperfil, cod_perfil, acao, script, donooupublicado, sopublicado, sodono, naomenu, ordem, icone) VALUES (18, 1, 'Rejeitar publica&ccedil;&atilde;o', '/do/rejeitar', 0, 0, 0, 0, 6, 'fapbl-frown-o');
INSERT INTO infoperfil (cod_infoperfil, cod_perfil, acao, script, donooupublicado, sopublicado, sodono, naomenu, ordem, icone) VALUES (19, 2, 'Rejeitar publica&ccedil;&atilde;o', '/do/rejeitar', 0, 0, 0, 0, 6, 'fapbl-frown-o');
INSERT INTO infoperfil (cod_infoperfil, cod_perfil, acao, script, donooupublicado, sopublicado, sodono, naomenu, ordem, icone) VALUES (27, 3, 'Solicitar publica&ccedil;&atilde;o', '/do/submeter.*', 0, 0, 1, 0, 5, 'fapbl-smile-o');
INSERT INTO infoperfil (cod_infoperfil, cod_perfil, acao, script, donooupublicado, sopublicado, sodono, naomenu, ordem, icone) VALUES (31, 3, 'Ver objetos rejeitados', '/do/rejeitados', 0, 0, 0, 0, 6, 'fapbl-list-alt');
INSERT INTO infoperfil (cod_infoperfil, cod_perfil, acao, script, donooupublicado, sopublicado, sodono, naomenu, ordem, icone) VALUES (65, 1, 'Log de Acesso', '/do/logacesso', 0, 0, 0, 1, 13, 'fapbl-code');
INSERT INTO infoperfil (cod_infoperfil, cod_perfil, acao, script, donooupublicado, sopublicado, sodono, naomenu, ordem, icone) VALUES (66, 2, 'Log de Acesso', '/do/logacesso', 0, 0, 0, 1, 13, 'fapbl-code');
INSERT INTO infoperfil (cod_infoperfil, cod_perfil, acao, script, donooupublicado, sopublicado, sodono, naomenu, ordem, icone) VALUES (67, 3, 'Log de Acesso', '/do/logacesso', 0, 0, 0, 1, 13, 'fapbl-code');
INSERT INTO infoperfil (cod_infoperfil, cod_perfil, acao, script, donooupublicado, sopublicado, sodono, naomenu, ordem, icone) VALUES (15, 6, 'Logout', '/do/logout', 0, 0, 0, 1, 17, 'fapbl-unlock-alt');
INSERT INTO infoperfil (cod_infoperfil, cod_perfil, acao, script, donooupublicado, sopublicado, sodono, naomenu, ordem, icone) VALUES (42, 3, 'Adm. de Objetos', NULL, 0, 0, 0, 0, 0, 'fapbl-cogs');
INSERT INTO infoperfil (cod_infoperfil, cod_perfil, acao, script, donooupublicado, sopublicado, sodono, naomenu, ordem, icone) VALUES (48, 1, 'Adm. de Objetos', NULL, 0, 0, 0, 0, 0, 'fapbl-cogs');
INSERT INTO infoperfil (cod_infoperfil, cod_perfil, acao, script, donooupublicado, sopublicado, sodono, naomenu, ordem, icone) VALUES (58, 4, 'Dados Pessoais', '/do/gerdadospessoaisrestrito', 0, 0, 0, 0, 11, 'fapbl-user');
INSERT INTO infoperfil (cod_infoperfil, cod_perfil, acao, script, donooupublicado, sopublicado, sodono, naomenu, ordem, icone) VALUES (69, 6, 'Dados Pessoais', '/do/gerdadospessoais', 1, 1, 0, 1, 100, 'fapbl-user');
INSERT INTO infoperfil (cod_infoperfil, cod_perfil, acao, script, donooupublicado, sopublicado, sodono, naomenu, ordem, icone) VALUES (71, 5, 'Dados Pessoais', '/do/gerdadospessoais', 1, 1, 0, 1, 100, 'fapbl-user');
INSERT INTO infoperfil (cod_infoperfil, cod_perfil, acao, script, donooupublicado, sopublicado, sodono, naomenu, ordem, icone) VALUES (50, 4, 'Voltar para o portal', '/content/view.*', 0, 0, 0, 0, 16, 'fapbl-eye');
INSERT INTO infoperfil (cod_infoperfil, cod_perfil, acao, script, donooupublicado, sopublicado, sodono, naomenu, ordem, icone) VALUES (72, 5, 'Voltar para o portal', '/content/view.*', 0, 1, 0, 0, 16, 'fapbl-eye');
INSERT INTO infoperfil (cod_infoperfil, cod_perfil, acao, script, donooupublicado, sopublicado, sodono, naomenu, ordem, icone) VALUES (43, 6, 'Perfil', NULL, 0, 0, 0, 0, 9, 'fapbl-laptop');
INSERT INTO infoperfil (cod_infoperfil, cod_perfil, acao, script, donooupublicado, sopublicado, sodono, naomenu, ordem, icone) VALUES (9, 1, 'Gerenciar Portal', '/do/indexportal', 0, 0, 0, 0, 10, 'fapbl-cog');
INSERT INTO infoperfil (cod_infoperfil, cod_perfil, acao, script, donooupublicado, sopublicado, sodono, naomenu, ordem, icone) VALUES (1, 2, 'Editar este objeto', '/manage/edit.*', 0, 0, 0, 0, 2, 'fapbl-pencil-alt');
INSERT INTO infoperfil (cod_infoperfil, cod_perfil, acao, script, donooupublicado, sopublicado, sodono, naomenu, ordem, icone) VALUES (4, 1, 'Editar este objeto', '/manage/edit.*', 0, 0, 0, 0, 2, 'fapbl-pencil-alt');
INSERT INTO infoperfil (cod_infoperfil, cod_perfil, acao, script, donooupublicado, sopublicado, sodono, naomenu, ordem, icone) VALUES (21, 3, 'Editar este objeto', '/manage/edit.*', 1, 0, 0, 0, 2, 'fapbl-pencil-alt');
INSERT INTO infoperfil (cod_infoperfil, cod_perfil, acao, script, donooupublicado, sopublicado, sodono, naomenu, ordem, icone) VALUES (16, 1, 'Publicar objeto', '/do/publicar', 0, 0, 0, 0, 5, 'fapbl-bullhorn');

INSERT INTO logobjeto (cod_logobjeto, cod_objeto, estampa, cod_usuario, cod_operacao) VALUES (1, 1, 20200303213754, 1, 1);

INSERT INTO logworkflow (cod_logworkflow, cod_objeto, cod_usuario, mensagem, cod_status, estampa) VALUES (1, 1, 1, 'Objeto publicado durante a criação', 2, 20200303213754);

INSERT INTO tipodado (cod_tipodado, nome, tabela, delimitador) VALUES (1, 'Blob', 'tbl_blob', '''');
INSERT INTO tipodado (cod_tipodado, nome, tabela, delimitador) VALUES (2, 'Booleano', 'tbl_boolean', NULL);
INSERT INTO tipodado (cod_tipodado, nome, tabela, delimitador) VALUES (3, 'Data', 'tbl_date', '''');
INSERT INTO tipodado (cod_tipodado, nome, tabela, delimitador) VALUES (4, 'Número', 'tbl_integer', NULL);
INSERT INTO tipodado (cod_tipodado, nome, tabela, delimitador) VALUES (5, 'Número Preciso', 'tbl_float', NULL);
INSERT INTO tipodado (cod_tipodado, nome, tabela, delimitador) VALUES (6, 'Ref. Objeto', 'tbl_objref', NULL);
INSERT INTO tipodado (cod_tipodado, nome, tabela, delimitador) VALUES (7, 'String', 'tbl_string', '''');
INSERT INTO tipodado (cod_tipodado, nome, tabela, delimitador) VALUES (8, 'Texto Avanc.', 'tbl_text', '''');

INSERT INTO propriedade (cod_propriedade, cod_classe, cod_tipodado, cod_referencia_classe, campo_ref, nome, posicao, descricao, rotulo, rot1booleano, rot2booleano, obrigatorio, seguranca, valorpadrao) VALUES (15, 2, 4, 0, '', 'endereco', 1, 'Número do Objeto', 'Código do Objeto', 'Sim', 'Não', 1, 3, '');
INSERT INTO propriedade (cod_propriedade, cod_classe, cod_tipodado, cod_referencia_classe, campo_ref, nome, posicao, descricao, rotulo, rot1booleano, rot2booleano, obrigatorio, seguranca, valorpadrao) VALUES (20, 2, 7, 0, '', 'ancora', 2, '', 'Linkar com ancora', '', '', 0, 3, '');
INSERT INTO propriedade (cod_propriedade, cod_classe, cod_tipodado, cod_referencia_classe, campo_ref, nome, posicao, descricao, rotulo, rot1booleano, rot2booleano, obrigatorio, seguranca, valorpadrao) VALUES (21, 17, 8, 0, '', 'resumo', 1, 'Resumo do RSS', 'Resumo', '', '', 0, 3, '');
INSERT INTO propriedade (cod_propriedade, cod_classe, cod_tipodado, cod_referencia_classe, campo_ref, nome, posicao, descricao, rotulo, rot1booleano, rot2booleano, obrigatorio, seguranca, valorpadrao) VALUES (22, 17, 8, 0, '', 'texto', 2, 'Texto do RSS', 'Texto', '', '', 0, 3, '');
INSERT INTO propriedade (cod_propriedade, cod_classe, cod_tipodado, cod_referencia_classe, campo_ref, nome, posicao, descricao, rotulo, rot1booleano, rot2booleano, obrigatorio, seguranca, valorpadrao) VALUES (23, 17, 2, 0, '', 'destaque_home', 3, '', 'Destacar na primeira página?', 'Sim', 'Não', 0, 3, '0');
INSERT INTO propriedade (cod_propriedade, cod_classe, cod_tipodado, cod_referencia_classe, campo_ref, nome, posicao, descricao, rotulo, rot1booleano, rot2booleano, obrigatorio, seguranca, valorpadrao) VALUES (24, 17, 4, 0, '', 'limite', 4, '', 'Número de artigos a listar', '', '', 0, 3, '');
INSERT INTO propriedade (cod_propriedade, cod_classe, cod_tipodado, cod_referencia_classe, campo_ref, nome, posicao, descricao, rotulo, rot1booleano, rot2booleano, obrigatorio, seguranca, valorpadrao) VALUES (1, 3, 8, 0, '0', 'texto', 5, 'Campo de texto da classe Documento', 'Texto', 'Sim', 'Não', 0, 3, '');
INSERT INTO propriedade (cod_propriedade, cod_classe, cod_tipodado, cod_referencia_classe, campo_ref, nome, posicao, descricao, rotulo, rot1booleano, rot2booleano, obrigatorio, seguranca, valorpadrao) VALUES (58, 13, 4, 0, '', 'limite', 1, '', 'Número de matérias a listar por página', '', '', 0, 3, '20');
INSERT INTO propriedade (cod_propriedade, cod_classe, cod_tipodado, cod_referencia_classe, campo_ref, nome, posicao, descricao, rotulo, rot1booleano, rot2booleano, obrigatorio, seguranca, valorpadrao) VALUES (81, 13, 2, 0, '', 'menu_horizontal', 2, 'se o diretï¿½rio for para o menu horizontal', 'Menu Horizontal', 'Sim', 'Nao', 0, 3, '');
INSERT INTO propriedade (cod_propriedade, cod_classe, cod_tipodado, cod_referencia_classe, campo_ref, nome, posicao, descricao, rotulo, rot1booleano, rot2booleano, obrigatorio, seguranca, valorpadrao) VALUES (10, 10, 7, 0, '', 'subtitulo', 0, 'Subtitulo da Notícia', 'Sub-Titulo', 'Sim', 'Não', 0, 3, '');
INSERT INTO propriedade (cod_propriedade, cod_classe, cod_tipodado, cod_referencia_classe, campo_ref, nome, posicao, descricao, rotulo, rot1booleano, rot2booleano, obrigatorio, seguranca, valorpadrao) VALUES (8, 10, 8, 0, '', 'texto', 2, 'Texto da Notícia', 'Texto', 'Sim', 'Não', 0, 3, '');
INSERT INTO propriedade (cod_propriedade, cod_classe, cod_tipodado, cod_referencia_classe, campo_ref, nome, posicao, descricao, rotulo, rot1booleano, rot2booleano, obrigatorio, seguranca, valorpadrao) VALUES (59, 10, 1, 0, '', 'arquivo', 3, 'Insira o arquivo caso a notícia seja em pdf', 'Se for arquivo', '', '', 0, 3, '');
INSERT INTO propriedade (cod_propriedade, cod_classe, cod_tipodado, cod_referencia_classe, campo_ref, nome, posicao, descricao, rotulo, rot1booleano, rot2booleano, obrigatorio, seguranca, valorpadrao) VALUES (11, 10, 7, 0, '', 'veiculo', 4, 'Veiculo onde a notícia foi vinculada', 'Veiculo', 'Sim', 'Não', 0, 3, '');
INSERT INTO propriedade (cod_propriedade, cod_classe, cod_tipodado, cod_referencia_classe, campo_ref, nome, posicao, descricao, rotulo, rot1booleano, rot2booleano, obrigatorio, seguranca, valorpadrao) VALUES (12, 10, 7, 0, '', 'autor', 5, 'Autor da notícia', 'Autor', 'Sim', 'Não', 0, 3, '');
INSERT INTO propriedade (cod_propriedade, cod_classe, cod_tipodado, cod_referencia_classe, campo_ref, nome, posicao, descricao, rotulo, rot1booleano, rot2booleano, obrigatorio, seguranca, valorpadrao) VALUES (13, 10, 7, 0, '', 'link', 6, 'Link para notícia original', 'Link para notícia original', 'Sim', 'Não', 0, 3, '');
INSERT INTO propriedade (cod_propriedade, cod_classe, cod_tipodado, cod_referencia_classe, campo_ref, nome, posicao, descricao, rotulo, rot1booleano, rot2booleano, obrigatorio, seguranca, valorpadrao) VALUES (5, 4, 7, 0, '0', 'credito', 1, 'Nome do autor da imagem', 'Autor da imagem', 'Sim', 'Não', 0, 3, '');
INSERT INTO propriedade (cod_propriedade, cod_classe, cod_tipodado, cod_referencia_classe, campo_ref, nome, posicao, descricao, rotulo, rot1booleano, rot2booleano, obrigatorio, seguranca, valorpadrao) VALUES (7, 4, 7, 0, '0', 'legenda', 2, 'Legenda da imagem', 'Legenda', 'Sim', 'Não', 0, 3, '');
INSERT INTO propriedade (cod_propriedade, cod_classe, cod_tipodado, cod_referencia_classe, campo_ref, nome, posicao, descricao, rotulo, rot1booleano, rot2booleano, obrigatorio, seguranca, valorpadrao) VALUES (19, 5, 8, 0, '', 'resumo', 2, 'Resumo do Arquivo', 'Resumo', 'Sim', 'Não', 0, 3, '');
INSERT INTO propriedade (cod_propriedade, cod_classe, cod_tipodado, cod_referencia_classe, campo_ref, nome, posicao, descricao, rotulo, rot1booleano, rot2booleano, obrigatorio, seguranca, valorpadrao) VALUES (17, 3, 8, 0, '', 'resumo', 1, 'Resumo do Documento', 'Resumo', 'Sim', 'Não', 0, 3, '');
INSERT INTO propriedade (cod_propriedade, cod_classe, cod_tipodado, cod_referencia_classe, campo_ref, nome, posicao, descricao, rotulo, rot1booleano, rot2booleano, obrigatorio, seguranca, valorpadrao) VALUES (786, 1, 2, NULL, '', 'menu_principal', 1, '', 'Aparece no menu principal?', 'Sim', 'Não', 0, 3, '0');
INSERT INTO propriedade (cod_propriedade, cod_classe, cod_tipodado, cod_referencia_classe, campo_ref, nome, posicao, descricao, rotulo, rot1booleano, rot2booleano, obrigatorio, seguranca, valorpadrao) VALUES (9, 10, 2, 0, '', 'destaque', 7, 'Definir se a notícia em causa é destaque ou não', 'Destacar?(S/N)', 'Sim', 'Não', 0, 3, '0');
INSERT INTO propriedade (cod_propriedade, cod_classe, cod_tipodado, cod_referencia_classe, campo_ref, nome, posicao, descricao, rotulo, rot1booleano, rot2booleano, obrigatorio, seguranca, valorpadrao) VALUES (118, 4, 2, 0, '', 'destaque', 3, 'Diga se deseja destacar apenas como a primeira imagem do album de fotos em Galeria de fotos', 'Destacar?', 'Sim', 'Nao', 0, 3, '');
INSERT INTO propriedade (cod_propriedade, cod_classe, cod_tipodado, cod_referencia_classe, campo_ref, nome, posicao, descricao, rotulo, rot1booleano, rot2booleano, obrigatorio, seguranca, valorpadrao) VALUES (3, 4, 1, 0, '0', 'conteudo', 0, 'Arquivo de imagem para upload. Localiza na máquina local.', 'Imagem', 'Sim', 'Não', 1, 3, '');
INSERT INTO propriedade (cod_propriedade, cod_classe, cod_tipodado, cod_referencia_classe, campo_ref, nome, posicao, descricao, rotulo, rot1booleano, rot2booleano, obrigatorio, seguranca, valorpadrao) VALUES (14, 1, 2, NULL, '', 'menu_proprio', 2, 'Checa se este folder é inicio de seção e contém menu próprio ou se pega o menu do pai', 'Tem Menu Próprio?', 'Sim', 'Não', 0, 2, '');
INSERT INTO propriedade (cod_propriedade, cod_classe, cod_tipodado, cod_referencia_classe, campo_ref, nome, posicao, descricao, rotulo, rot1booleano, rot2booleano, obrigatorio, seguranca, valorpadrao) VALUES (2, 1, 8, NULL, '0', 'texto', 3, '', 'Texto', 'Sim', 'Não', 0, 3, '');
INSERT INTO propriedade (cod_propriedade, cod_classe, cod_tipodado, cod_referencia_classe, campo_ref, nome, posicao, descricao, rotulo, rot1booleano, rot2booleano, obrigatorio, seguranca, valorpadrao) VALUES (18, 6, 7, 0, '', 'endereco', 1, 'Endereço da URL a linkar neste objeto', 'Endereço Completo', 'Sim', 'Não', 1, 3, 'http://');
INSERT INTO propriedade (cod_propriedade, cod_classe, cod_tipodado, cod_referencia_classe, campo_ref, nome, posicao, descricao, rotulo, rot1booleano, rot2booleano, obrigatorio, seguranca, valorpadrao) VALUES (454, 6, 8, 0, '', 'resumo', 2, 'Insira o resumo', 'Insira o resumo', '', '', 0, 3, '');
INSERT INTO propriedade (cod_propriedade, cod_classe, cod_tipodado, cod_referencia_classe, campo_ref, nome, posicao, descricao, rotulo, rot1booleano, rot2booleano, obrigatorio, seguranca, valorpadrao) VALUES (708, 6, 2, 0, '', 'janela', 3, '', 'Deseja abrir em janela modal', 'Sim', 'Nao', 0, 3, '');
INSERT INTO propriedade (cod_propriedade, cod_classe, cod_tipodado, cod_referencia_classe, campo_ref, nome, posicao, descricao, rotulo, rot1booleano, rot2booleano, obrigatorio, seguranca, valorpadrao) VALUES (4, 5, 1, 0, '0', 'conteudo', 0, 'Arquivo a disponibilizar para upload.', 'Arquivo', 'Sim', 'Não', 0, 3, '');
INSERT INTO propriedade (cod_propriedade, cod_classe, cod_tipodado, cod_referencia_classe, campo_ref, nome, posicao, descricao, rotulo, rot1booleano, rot2booleano, obrigatorio, seguranca, valorpadrao) VALUES (703, 5, 1, 0, '', 'capa', 1, 'Capa do arquivo quando for PDF - Utilizado para funcionalidade page flipper', 'Capa do arquivo (PDF)', 'Sim', 'Não', 0, 3, '');
INSERT INTO propriedade (cod_propriedade, cod_classe, cod_tipodado, cod_referencia_classe, campo_ref, nome, posicao, descricao, rotulo, rot1booleano, rot2booleano, obrigatorio, seguranca, valorpadrao) VALUES (810, 7, 7, NULL, '', 'nome', 2, 'Informe o nome do usuário', 'Nome', 'Sim', 'Não', 0, 3, '');
INSERT INTO propriedade (cod_propriedade, cod_classe, cod_tipodado, cod_referencia_classe, campo_ref, nome, posicao, descricao, rotulo, rot1booleano, rot2booleano, obrigatorio, seguranca, valorpadrao) VALUES (823, 7, 4, NULL, '', 'cod_usuario_padrao', 3, 'Código do usuário no banco do publicare', 'Código do usuário', 'Sim', 'Não', 1, 1, '');
INSERT INTO propriedade (cod_propriedade, cod_classe, cod_tipodado, cod_referencia_classe, campo_ref, nome, posicao, descricao, rotulo, rot1booleano, rot2booleano, obrigatorio, seguranca, valorpadrao) VALUES (812, 7, 6, 20, 'sigla', 'uf', 4, '', 'UF do usuário', 'Sim', 'Não', 0, 3, '');
INSERT INTO propriedade (cod_propriedade, cod_classe, cod_tipodado, cod_referencia_classe, campo_ref, nome, posicao, descricao, rotulo, rot1booleano, rot2booleano, obrigatorio, seguranca, valorpadrao) VALUES (813, 7, 7, NULL, '', 'orgao', 5, '', 'Órgão', 'Sim', 'Não', 0, 3, '');
INSERT INTO propriedade (cod_propriedade, cod_classe, cod_tipodado, cod_referencia_classe, campo_ref, nome, posicao, descricao, rotulo, rot1booleano, rot2booleano, obrigatorio, seguranca, valorpadrao) VALUES (814, 7, 7, NULL, '', 'email', 6, '', 'Email', 'Sim', 'Não', 0, 3, '');
INSERT INTO propriedade (cod_propriedade, cod_classe, cod_tipodado, cod_referencia_classe, campo_ref, nome, posicao, descricao, rotulo, rot1booleano, rot2booleano, obrigatorio, seguranca, valorpadrao) VALUES (815, 7, 7, NULL, '', 'telefone', 7, '', 'Telefone', 'Sim', 'Não', 0, 3, '');
INSERT INTO propriedade (cod_propriedade, cod_classe, cod_tipodado, cod_referencia_classe, campo_ref, nome, posicao, descricao, rotulo, rot1booleano, rot2booleano, obrigatorio, seguranca, valorpadrao) VALUES (816, 7, 7, NULL, '', 'celular', 8, '', 'Celular', 'Sim', 'Não', 0, 3, '');
INSERT INTO propriedade (cod_propriedade, cod_classe, cod_tipodado, cod_referencia_classe, campo_ref, nome, posicao, descricao, rotulo, rot1booleano, rot2booleano, obrigatorio, seguranca, valorpadrao) VALUES (817, 7, 7, NULL, '', 'endereco', 9, '', 'Endereço', 'Sim', 'Não', 0, 3, '');
INSERT INTO propriedade (cod_propriedade, cod_classe, cod_tipodado, cod_referencia_classe, campo_ref, nome, posicao, descricao, rotulo, rot1booleano, rot2booleano, obrigatorio, seguranca, valorpadrao) VALUES (818, 7, 7, NULL, '', 'cidade', 10, '', 'Cidade', 'Sim', 'Não', 0, 3, '');
INSERT INTO propriedade (cod_propriedade, cod_classe, cod_tipodado, cod_referencia_classe, campo_ref, nome, posicao, descricao, rotulo, rot1booleano, rot2booleano, obrigatorio, seguranca, valorpadrao) VALUES (809, 7, 7, NULL, '', 'cpf', 1, 'Informe o CPF do usuário', 'CPF', 'Sim', 'Não', 1, 3, '');
INSERT INTO propriedade (cod_propriedade, cod_classe, cod_tipodado, cod_referencia_classe, campo_ref, nome, posicao, descricao, rotulo, rot1booleano, rot2booleano, obrigatorio, seguranca, valorpadrao) VALUES (822, 7, 6, 33, 'titulo', 'tipo', 0, '', 'Tipo de Usuário', 'Sim', 'Não', 0, 1, '');
INSERT INTO propriedade (cod_propriedade, cod_classe, cod_tipodado, cod_referencia_classe, campo_ref, nome, posicao, descricao, rotulo, rot1booleano, rot2booleano, obrigatorio, seguranca, valorpadrao) VALUES (811, 7, 4, NULL, '', 'cod_usuario', 3, 'Código do usuário no banco do publicare', 'Código do usuário', 'Sim', 'Não', 1, 1, '');
INSERT INTO propriedade (cod_propriedade, cod_classe, cod_tipodado, cod_referencia_classe, campo_ref, nome, posicao, descricao, rotulo, rot1booleano, rot2booleano, obrigatorio, seguranca, valorpadrao) VALUES (831, 7, 6, 36, 'titulo', 'escolaridade', 13, '', 'Nivel de escolaridade', 'Sim', 'Não', 0, 3, '');
INSERT INTO propriedade (cod_propriedade, cod_classe, cod_tipodado, cod_referencia_classe, campo_ref, nome, posicao, descricao, rotulo, rot1booleano, rot2booleano, obrigatorio, seguranca, valorpadrao) VALUES (832, 7, 7, NULL, '', 'conhecimento', 14, '', 'Como conheceu o portal?', 'Sim', 'Não', 0, 3, '');

INSERT INTO usuarioxobjetoxperfil (cod_usuario, cod_objeto, cod_perfil) VALUES (0, 1, 6);
INSERT INTO usuarioxobjetoxperfil (cod_usuario, cod_objeto, cod_perfil) VALUES (1, 1, 1);